file	n_windows	mean_He	median_He	pct_He_gt_0.5	pct_He_gt_0.7	mean_numInds	median_numInds	mean_failed_geno	mean_invalid_phase
./data/raw/He_50_WGULF.txt	3596739	0.4013784838629356	0.42	29.57300610221672	4.902154878297674	9.7485580688507	10	0.24751698691509189	0.002976863208589773
./data/raw/He_50_EGULF.txt	3596739	0.39360910636588226	0.415	27.992276005980976	4.441435601728221	9.45194327417141	10	0.5431870369242808	0.003001329815702501
